{
  "$schema": "./node_modules/nx/schemas/nx-schema.json",
  "workspaceLayout": {
    "libsDir": "packages"
  },
  "plugins": [
    {
      "plugin": "@nx/js/typescript",
      "options": {
        "typecheck": {
          "targetName": "typecheck"
        },
        "build": {
          "targetName": "build",
          "configName": "tsconfig.lib.json",
          "buildDepsName": "build-deps",
          "watchDepsName": "watch-deps"
        }
      }
    },
    {
      "plugin": "@nx/next/plugin",
      "options": {
        "startTargetName": "start",
        "buildTargetName": "build",
        "devTargetName": "dev",
        "serveStaticTargetName": "serve-static",
        "buildDepsTargetName": "build-deps",
        "watchDepsTargetName": "watch-deps"
      }
    },
    {
      "plugin": "@nx/playwright/plugin",
      "options": {
        "targetName": "e2e"
      }
    },
    {
      "plugin": "@nx/eslint/plugin",
      "options": {
        "targetName": "lint"
      }
    },
    {
      "plugin": "@nx/jest/plugin",
      "options": {
        "targetName": "test"
      },
      "exclude": [
        "api-e2e/**/*"
      ]
    },
    {
      "plugin": "@nx/webpack/plugin",
      "options": {
        "buildTargetName": "build",
        "serveTargetName": "serve",
        "previewTargetName": "preview",
        "buildDepsTargetName": "build-deps",
        "watchDepsTargetName": "watch-deps"
      }
    }
  ],
  "generators": {
    "@nx/next": {
      "application": {
        "style": "css",
        "linter": "eslint"
      }
    },
    "@nx/react": {
      "library": {
        "unitTestRunner": "jest"
      }
    }
  },
  "targetDefaults": {
    "@nx/js:tsc": {
      "cache": true,
      "dependsOn": [
        "^build"
      ],
      "inputs": [
        "default",
        "^default"
      ]
    }
  }
}